,abs_error,mean_wQuantileLoss,MASE
0,289702.599609375,0.09519862549569325,1.7772268642682956
