,abs_error,mean_wQuantileLoss,MASE
0,88346.31519820647,0.2608237847474429,inf
1,77983.08743593906,0.2295419070333737,inf
