,abs_error,mean_wQuantileLoss,MASE
0,315571.01953125,0.10089658970238528,1.9368793008248169
