,abs_error,mean_wQuantileLoss,MASE
0,2263.2210206985474,0.1640971591590686,0.400100447284207
