,abs_error,mean_wQuantileLoss,MASE
0,97653.7564602145,0.2808021963504947,inf
1,86553.63664865203,0.24712357031732024,inf
