,abs_error,mean_wQuantileLoss,MASE
0,2549.058542251587,0.1602845231617012,0.4525126848844805
