,abs_error,mean_wQuantileLoss,MASE
0,2412.3043282032013,0.1671296363081921,0.4734478044394066
