,abs_error,mean_wQuantileLoss,MASE
0,97590.50899365441,0.2919904329283452,inf
1,92538.58222600109,0.27559708984768827,inf
