,abs_error,mean_wQuantileLoss,MASE
0,282848.35595703125,0.09318921967870716,1.7442439891122021
